Name,Variance
MCM7,0.000005
RPB1,0.000005
RPB2,0.000277778
ITS,0.000625316
