Name,Variance
MCM7,0
RPB1,0
RPB2,0.000277778
8664_2,0.000249669
8664_3,0.000191211
8664_4,0.000321818
8664_5,0.000447267
8664_6,0.000306741
